{
  "version": 1,
  "author": "Varun raj.P",
  "editor": "wokwi",
  "parts": [
    { "type": "board-esp32-devkit-c-v4", "id": "esp", "top": 9.6, "left": -52.76, "attrs": {} },
    { "type": "wokwi-potentiometer", "id": "pot1", "top": -68.5, "left": 76.6, "attrs": {} }
  ],
  "connections": [
    [ "esp:TX", "$serialMonitor:RX", "", [] ],
    [ "esp:RX", "$serialMonitor:TX", "", [] ],
    [ "pot1:GND", "esp:GND.2", "black", [ "v0", "h-19.2", "v38.4", "h-38.4" ] ],
    [ "pot1:VCC", "esp:5V", "red", [ "v240", "h-202.4", "v-38.4" ] ],
    [ "pot1:SIG", "esp:34", "green", [ "v76.8", "h-202" ] ]
  ],
  "dependencies": {}
}